[
  {
    "name": "jk",
    "url": "https://jkunzy.com",
    "parse_url": ""
  },
  {
    "name": "鲨鱼",
    "url": "http://shayuzy5.com",
    "parse_url": ""
  },
  {
    "name": "奥斯卡",
    "url": "https://aosikazy.com",
    "parse_url": ""
  },
  {
    "name": "乐播",
    "url": "https://lbapi9.com",
    "parse_url": ""
  },
  {
    "name": "老鸭",
    "url": "https://api.apilyzy.com",
    "parse_url": ""
  },
  {
    "name": "森林",
    "url": "http://senlinzy2.com",
    "parse_url": ""
  },
  {
    "name": "阿里BB",
    "url": "https://bbckzy1.cc",
    "parse_url": ""
  },
  {
    "name": "滴滴",
    "url": "https://didizy.com",
    "parse_url": ""
  },
  {
    "name": "奶香",
    "url": "https://naixxzy.com",
    "parse_url": "",
    "cate_exclude": "精品国产|精品日韩|精品综合|精品小说|精品美图"
  }
]
