{
 "users": {
  "fake": {
   "cookies_dic": {
    "buvid3": "C388E051-8B09-CBB4-D24F-553E939CBA0568463infoc",
    "b_nut": "1758067368",
    "__at_once": "4811634013224838281"
   }
  }
 },
 "cateLive": {
  "网游": {
   "id": "2_0",
   "value": {
    "key": "tid",
    "name": "网游",
    "value": [
     {
      "n": "英雄联盟",
      "v": "2_86"
     },
     {
      "n": "无畏契约",
      "v": "2_329"
     },
     {
      "n": "三角洲行动",
      "v": "2_878"
     },
     {
      "n": "CS:GO",
      "v": "2_89"
     },
     {
      "n": "吃鸡行动",
      "v": "2_80"
     },
     {
      "n": "APEX英雄",
      "v": "2_240"
     },
     {
      "n": "暗区突围：无限",
      "v": "2_919"
     },
     {
      "n": "守望先锋",
      "v": "2_87"
     },
     {
      "n": "DOTA2",
      "v": "2_92"
     },
     {
      "n": "永劫无间",
      "v": "2_666"
     },
     {
      "n": "漫威争锋",
      "v": "2_922"
     },
     {
      "n": "命运方舟",
      "v": "2_590"
     },
     {
      "n": "魔兽世界",
      "v": "2_83"
     },
     {
      "n": "炉石传说",
      "v": "2_91"
     },
     {
      "n": "解限机",
      "v": "2_915"
     },
     {
      "n": "界外狂潮",
      "v": "2_941"
     },
     {
      "n": "彩虹六号",
      "v": "2_601"
     },
     {
      "n": "逃离塔科夫",
      "v": "2_252"
     },
     {
      "n": "传奇",
      "v": "2_695"
     },
     {
      "n": "DNF",
      "v": "2_78"
     },
     {
      "n": "七日世界",
      "v": "2_857"
     },
     {
      "n": "卡拉彼丘",
      "v": "2_782"
     },
     {
      "n": "塔瑞斯世界",
      "v": "2_881"
     },
     {
      "n": "生死狙击2",
      "v": "2_575"
     },
     {
      "n": "穿越火线",
      "v": "2_88"
     },
     {
      "n": "洛奇英雄传",
      "v": "2_599"
     },
     {
      "n": "燕云十六声",
      "v": "2_903"
     },
     {
      "n": "遗忘之海",
      "v": "2_975"
     },
     {
      "n": "远光84",
      "v": "2_965"
     },
     {
      "n": "逆水寒端游",
      "v": "2_166"
     },
     {
      "n": "流放之路",
      "v": "2_551"
     },
     {
      "n": "最终幻想14",
      "v": "2_102"
     },
     {
      "n": "命运扳机",
      "v": "2_998"
     },
     {
      "n": "星际战甲",
      "v": "2_249"
     },
     {
      "n": "梦三国",
      "v": "2_710"
     },
     {
      "n": "英魂之刃",
      "v": "2_690"
     },
     {
      "n": "剑网3",
      "v": "2_82"
     },
     {
      "n": "从军",
      "v": "2_829"
     },
     {
      "n": "无主星渊",
      "v": "2_980"
     },
     {
      "n": "头号追击",
      "v": "2_991"
     },
     {
      "n": "全民街篮",
      "v": "2_845"
     },
     {
      "n": "铁甲雄兵",
      "v": "2_691"
     },
     {
      "n": "新天龙八部",
      "v": "2_653"
     },
     {
      "n": "赛尔号",
      "v": "2_667"
     },
     {
      "n": "造梦西游",
      "v": "2_668"
     },
     {
      "n": "洛克王国",
      "v": "2_669"
     },
     {
      "n": "问道",
      "v": "2_670"
     },
     {
      "n": "诛仙世界",
      "v": "2_654"
     },
     {
      "n": "大话西游",
      "v": "2_652"
     },
     {
      "n": "SUPER PEOPLE",
      "v": "2_680"
     },
     {
      "n": "奇迹MU",
      "v": "2_683"
     },
     {
      "n": "永恒之塔",
      "v": "2_684"
     },
     {
      "n": "QQ三国",
      "v": "2_685"
     },
     {
      "n": "人间地狱",
      "v": "2_677"
     },
     {
      "n": "彩虹岛",
      "v": "2_686"
     },
     {
      "n": "洛奇",
      "v": "2_663"
     },
     {
      "n": "跑跑卡丁车",
      "v": "2_664"
     },
     {
      "n": "星际公民",
      "v": "2_658"
     },
     {
      "n": "Squad战术小队",
      "v": "2_659"
     },
     {
      "n": "反恐精英Online",
      "v": "2_629"
     },
     {
      "n": "阿尔比恩",
      "v": "2_639"
     },
     {
      "n": "创世战车",
      "v": "2_705"
     },
     {
      "n": "猎杀对决（Hunt: Showdown）",
      "v": "2_600"
     },
     {
      "n": "CFHD",
      "v": "2_472"
     },
     {
      "n": "300英雄",
      "v": "2_84"
     },
     {
      "n": "剑网3缘起",
      "v": "2_499"
     },
     {
      "n": "街头篮球",
      "v": "2_649"
     },
     {
      "n": "剑灵",
      "v": "2_505"
     },
     {
      "n": "黑色沙漠",
      "v": "2_632"
     },
     {
      "n": "天涯明月刀",
      "v": "2_596"
     },
     {
      "n": "冒险岛",
      "v": "2_574"
     },
     {
      "n": "逆战",
      "v": "2_487"
     },
     {
      "n": "FIFA ONLINE 4",
      "v": "2_388"
     },
     {
      "n": "魔兽争霸3",
      "v": "2_181"
     },
     {
      "n": "QQ飞车",
      "v": "2_610"
     },
     {
      "n": "NBA2KOL2",
      "v": "2_581"
     },
     {
      "n": "使命召唤:战区",
      "v": "2_318"
     },
     {
      "n": "战舰世界",
      "v": "2_248"
     },
     {
      "n": "坦克世界",
      "v": "2_115"
     },
     {
      "n": "战意",
      "v": "2_383"
     },
     {
      "n": "风暴英雄",
      "v": "2_114"
     },
     {
      "n": "战争雷霆",
      "v": "2_316"
     },
     {
      "n": "星际争霸2",
      "v": "2_93"
     },
     {
      "n": "堡垒之夜",
      "v": "2_164"
     },
     {
      "n": "失控进化",
      "v": "2_1008"
     },
     {
      "n": "枪神纪",
      "v": "2_251"
     },
     {
      "n": "三国杀",
      "v": "2_81"
     },
     {
      "n": "龙之谷",
      "v": "2_112"
     },
     {
      "n": "幻想全明星",
      "v": "2_176"
     },
     {
      "n": "怀旧网游",
      "v": "2_288"
     },
     {
      "n": "新游前瞻",
      "v": "2_298"
     },
     {
      "n": "星战前夜：晨曦",
      "v": "2_331"
     },
     {
      "n": "FPS沙盒",
      "v": "2_633"
     },
     {
      "n": "永恒轮回",
      "v": "2_459"
     },
     {
      "n": "激战2",
      "v": "2_607"
     },
     {
      "n": "其他网游",
      "v": "2_107"
     },
     {
      "n": "蓝色协议",
      "v": "2_760"
     },
     {
      "n": "第一后裔",
      "v": "2_909"
     },
     {
      "n": "终极角逐（The Finals）",
      "v": "2_846"
     },
     {
      "n": "DeadLock",
      "v": "2_927"
     },
     {
      "n": "其他射击",
      "v": "2_953"
     }
    ]
   }
  },
  "手游": {
   "id": "3_0",
   "value": {
    "key": "tid",
    "name": "手游",
    "value": [
     {
      "n": "王者荣耀",
      "v": "3_35"
     },
     {
      "n": "和平精英",
      "v": "3_256"
     },
     {
      "n": "绝区零",
      "v": "3_662"
     },
     {
      "n": "第五人格",
      "v": "3_163"
     },
     {
      "n": "原神",
      "v": "3_321"
     },
     {
      "n": "无畏契约：源能行动",
      "v": "3_984"
     },
     {
      "n": "崩坏：星穹铁道",
      "v": "3_549"
     },
     {
      "n": "火影忍者手游",
      "v": "3_292"
     },
     {
      "n": "崩坏：因缘精灵",
      "v": "3_1011"
     },
     {
      "n": "鸣潮",
      "v": "3_874"
     },
     {
      "n": "明日方舟",
      "v": "3_255"
     },
     {
      "n": "异环",
      "v": "3_940"
     },
     {
      "n": "无限暖暖",
      "v": "3_892"
     },
     {
      "n": "航海王壮志雄心",
      "v": "3_902"
     },
     {
      "n": "宝可梦大集结",
      "v": "3_493"
     },
     {
      "n": "蛋仔派对",
      "v": "3_571"
     },
     {
      "n": "元梦之星",
      "v": "3_822"
     },
     {
      "n": "金铲铲之战",
      "v": "3_514"
     },
     {
      "n": "LOL手游",
      "v": "3_395"
     },
     {
      "n": "DNF手游",
      "v": "3_343"
     },
     {
      "n": "斗罗大陆：猎魂世界",
      "v": "3_989"
     },
     {
      "n": "晴空之下",
      "v": "3_997"
     },
     {
      "n": "三国：谋定天下",
      "v": "3_871"
     },
     {
      "n": "伊莫",
      "v": "3_994"
     },
     {
      "n": "归环",
      "v": "3_983"
     },
     {
      "n": "鹅鸭杀手游",
      "v": "3_993"
     },
     {
      "n": "NBA2K手游",
      "v": "3_959"
     },
     {
      "n": "奥特曼：超时空英雄",
      "v": "3_999"
     },
     {
      "n": "二重螺旋",
      "v": "3_981"
     },
     {
      "n": "影之诗",
      "v": "3_156"
     },
     {
      "n": "永远的蔚蓝星球",
      "v": "3_990"
     },
     {
      "n": "逆战：未来",
      "v": "3_1007"
     },
     {
      "n": "仙剑世界",
      "v": "3_950"
     },
     {
      "n": "虚环",
      "v": "3_1003"
     },
     {
      "n": "最终幻想14水晶世界",
      "v": "3_982"
     },
     {
      "n": "异人之下",
      "v": "3_956"
     },
     {
      "n": "洛克王国：世界",
      "v": "3_958"
     },
     {
      "n": "银与绯",
      "v": "3_968"
     },
     {
      "n": "归龙潮",
      "v": "3_924"
     },
     {
      "n": "胜利女神：新的希望",
      "v": "3_954"
     },
     {
      "n": "暗区突围",
      "v": "3_502"
     },
     {
      "n": "永劫无间手游",
      "v": "3_882"
     },
     {
      "n": "漫威终极逆转",
      "v": "3_930"
     },
     {
      "n": "英勇之地手游",
      "v": "3_967"
     },
     {
      "n": "无尽梦回",
      "v": "3_938"
     },
     {
      "n": "高达钢铁之诗",
      "v": "3_952"
     },
     {
      "n": "炽焰天穹",
      "v": "3_912"
     },
     {
      "n": "爆裂小队",
      "v": "3_971"
     },
     {
      "n": "排球少年",
      "v": "3_933"
     },
     {
      "n": "白荆回廊",
      "v": "3_849"
     },
     {
      "n": "剑与远征：启程",
      "v": "3_918"
     },
     {
      "n": "新月同行",
      "v": "3_931"
     },
     {
      "n": "潮汐守望者",
      "v": "3_972"
     },
     {
      "n": "雷索纳斯",
      "v": "3_879"
     },
     {
      "n": "元气骑士前传",
      "v": "3_850"
     },
     {
      "n": "重构阿塔提斯",
      "v": "3_939"
     },
     {
      "n": "时光杂货店",
      "v": "3_916"
     },
     {
      "n": "龙族：卡塞尔之门",
      "v": "3_923"
     },
     {
      "n": "剑与骑士团",
      "v": "3_921"
     },
     {
      "n": "决胜巅峰",
      "v": "3_947"
     },
     {
      "n": "望月",
      "v": "3_944"
     },
     {
      "n": "钢岚",
      "v": "3_856"
     },
     {
      "n": "射雕",
      "v": "3_886"
     },
     {
      "n": "物华弥新",
      "v": "3_890"
     },
     {
      "n": "野兽领主：新世界",
      "v": "3_904"
     },
     {
      "n": "西游：笔绘西行",
      "v": "3_900"
     },
     {
      "n": "咏月风雅",
      "v": "3_899"
     },
     {
      "n": "星之翼",
      "v": "3_891"
     },
     {
      "n": "歧路旅人：大陆的霸者",
      "v": "3_901"
     },
     {
      "n": "仙境传说：爱如初见",
      "v": "3_885"
     },
     {
      "n": "极品飞车：集结",
      "v": "3_852"
     },
     {
      "n": "逆水寒手游",
      "v": "3_771"
     },
     {
      "n": "一梦江湖",
      "v": "3_913"
     },
     {
      "n": "率土之滨",
      "v": "3_807"
     },
     {
      "n": "萤火突击",
      "v": "3_870"
     },
     {
      "n": "月圆之夜",
      "v": "3_215"
     },
     {
      "n": "哈利波特：魔法觉醒",
      "v": "3_474"
     },
     {
      "n": "幻塔",
      "v": "3_550"
     },
     {
      "n": "星之破晓",
      "v": "3_799"
     },
     {
      "n": "女神异闻录：夜幕魅影",
      "v": "3_802"
     },
     {
      "n": "星痕共鸣",
      "v": "3_970"
     },
     {
      "n": "少女前线2：追放",
      "v": "3_832"
     },
     {
      "n": "深空之眼",
      "v": "3_598"
     },
     {
      "n": "交错战线",
      "v": "3_864"
     },
     {
      "n": "黎明觉醒：生机",
      "v": "3_479"
     },
     {
      "n": "无期迷途",
      "v": "3_675"
     },
     {
      "n": "晶核",
      "v": "3_777"
     },
     {
      "n": "星球重启",
      "v": "3_828"
     },
     {
      "n": "光遇",
      "v": "3_687"
     },
     {
      "n": "以闪亮之名",
      "v": "3_755"
     },
     {
      "n": "尘白禁区",
      "v": "3_778"
     },
     {
      "n": "狼人杀：谎言与推理的对抗",
      "v": "3_1002"
     },
     {
      "n": "香肠派对",
      "v": "3_689"
     },
     {
      "n": "高能英雄",
      "v": "3_783"
     },
     {
      "n": "使命召唤手游",
      "v": "3_386"
     },
     {
      "n": "崩坏3",
      "v": "3_40"
     },
     {
      "n": "蔚蓝档案",
      "v": "3_787"
     },
     {
      "n": "第七史诗",
      "v": "3_784"
     },
     {
      "n": "游戏王：决斗链接",
      "v": "3_407"
     },
     {
      "n": "游戏王",
      "v": "3_303"
     },
     {
      "n": "JJ斗地主",
      "v": "3_724"
     },
     {
      "n": "阴阳师",
      "v": "3_36"
     },
     {
      "n": "欢乐斗地主",
      "v": "3_719"
     },
     {
      "n": "Fate/GO",
      "v": "3_37"
     },
     {
      "n": "综合棋牌",
      "v": "3_354"
     },
     {
      "n": "QQ飞车手游",
      "v": "3_154"
     },
     {
      "n": "决战！平安京",
      "v": "3_140"
     },
     {
      "n": "狼人杀",
      "v": "3_41"
     },
     {
      "n": "三国杀移动版",
      "v": "3_352"
     },
     {
      "n": "碧蓝航线",
      "v": "3_113"
     },
     {
      "n": "明日之后",
      "v": "3_189"
     },
     {
      "n": "重返未来：1999",
      "v": "3_761"
     },
     {
      "n": "部落冲突:皇室战争",
      "v": "3_50"
     },
     {
      "n": "弹弹堂",
      "v": "3_734"
     },
     {
      "n": "雀姬",
      "v": "3_214"
     },
     {
      "n": "公主连结Re:Dive",
      "v": "3_330"
     },
     {
      "n": "闪耀！优俊少女",
      "v": "3_805"
     },
     {
      "n": "FIFA足球世界",
      "v": "3_641"
     },
     {
      "n": "BanG Dream",
      "v": "3_258"
     },
     {
      "n": "荒野乱斗",
      "v": "3_469"
     },
     {
      "n": "CF手游",
      "v": "3_333"
     },
     {
      "n": "战双帕弥什",
      "v": "3_293"
     },
     {
      "n": "天涯明月刀手游",
      "v": "3_389"
     },
     {
      "n": "解密游戏",
      "v": "3_42"
     },
     {
      "n": "恋爱养成游戏",
      "v": "3_576"
     },
     {
      "n": "跑跑卡丁车手游",
      "v": "3_265"
     },
     {
      "n": "非人学园",
      "v": "3_212"
     },
     {
      "n": "百闻牌",
      "v": "3_286"
     },
     {
      "n": "猫和老鼠手游",
      "v": "3_269"
     },
     {
      "n": "坎公骑冠剑",
      "v": "3_442"
     },
     {
      "n": "忍者必须死3",
      "v": "3_203"
     },
     {
      "n": "梦幻西游手游",
      "v": "3_342"
     },
     {
      "n": "航海王热血航线",
      "v": "3_504"
     },
     {
      "n": "少女前线",
      "v": "3_39"
     },
     {
      "n": "300大作战",
      "v": "3_688"
     },
     {
      "n": "少女前线：云图计划",
      "v": "3_525"
     },
     {
      "n": "小动物之星",
      "v": "3_473"
     },
     {
      "n": "天地劫：幽城再临",
      "v": "3_448"
     },
     {
      "n": "东方归言录",
      "v": "3_538"
     },
     {
      "n": "命运圣契",
      "v": "3_925"
     },
     {
      "n": "梦幻模拟战",
      "v": "3_178"
     },
     {
      "n": "时空猎人3",
      "v": "3_643"
     },
     {
      "n": "休闲小游戏",
      "v": "3_679"
     },
     {
      "n": "其他手游",
      "v": "3_98"
     },
     {
      "n": "小冰冰传奇",
      "v": "3_824"
     },
     {
      "n": "冒险岛手游",
      "v": "3_796"
     },
     {
      "n": "对峙2",
      "v": "3_863"
     },
     {
      "n": "新游评测",
      "v": "3_274"
     },
     {
      "n": "火炬之光:无限",
      "v": "3_910"
     },
     {
      "n": "综合二游",
      "v": "3_957"
     },
     {
      "n": "黑色信标",
      "v": "3_966"
     },
     {
      "n": "踏风行",
      "v": "3_973"
     }
    ]
   }
  },
  "单机游戏": {
   "id": "6_0",
   "value": {
    "key": "tid",
    "name": "单机游戏",
    "value": [
     {
      "n": "主机游戏",
      "v": "6_236"
     },
     {
      "n": "其他单机",
      "v": "6_235"
     },
     {
      "n": "我的世界",
      "v": "6_216"
     },
     {
      "n": "新游推荐",
      "v": "6_889"
     },
     {
      "n": "独立游戏",
      "v": "6_283"
     },
     {
      "n": "怀旧游戏",
      "v": "6_237"
     },
     {
      "n": "恐怖游戏",
      "v": "6_276"
     },
     {
      "n": "战地风云",
      "v": "6_597"
     },
     {
      "n": "无主之地4",
      "v": "6_1012"
     },
     {
      "n": "空洞骑士：丝之歌",
      "v": "6_1009"
     },
     {
      "n": "明末：渊虚之羽",
      "v": "6_1001"
     },
     {
      "n": "剑星",
      "v": "6_988"
     },
     {
      "n": "艾尔登法环：黑夜君临",
      "v": "6_976"
     },
     {
      "n": "刺客信条：影",
      "v": "6_227"
     },
     {
      "n": "双影奇境",
      "v": "6_951"
     },
     {
      "n": "怪物猎人：荒野",
      "v": "6_578"
     },
     {
      "n": "黑神话：悟空",
      "v": "6_804"
     },
     {
      "n": "艾尔登法环",
      "v": "6_555"
     },
     {
      "n": "命运2",
      "v": "6_277"
     },
     {
      "n": "矩阵：零日危机",
      "v": "6_996"
     },
     {
      "n": "使命召唤21",
      "v": "6_282"
     },
     {
      "n": "禁闭求生2",
      "v": "6_1010"
     },
     {
      "n": "最后纪元",
      "v": "6_877"
     },
     {
      "n": "消逝的光芒：困兽",
      "v": "6_586"
     },
     {
      "n": "饿狼传说：群狼之城",
      "v": "6_969"
     },
     {
      "n": "暗黑破坏神3",
      "v": "6_962"
     },
     {
      "n": "光与影：33号远征队",
      "v": "6_964"
     },
     {
      "n": "第一狂战士：卡赞",
      "v": "6_960"
     },
     {
      "n": "绝地潜兵2",
      "v": "6_875"
     },
     {
      "n": "盛世天下",
      "v": "6_1005"
     },
     {
      "n": "幻兽帕鲁",
      "v": "6_866"
     },
     {
      "n": "英勇之地",
      "v": "6_906"
     },
     {
      "n": "猛兽派对",
      "v": "6_384"
     },
     {
      "n": "FORZA 极限竞速",
      "v": "6_302"
     },
     {
      "n": "卡牌潮玩",
      "v": "6_854"
     },
     {
      "n": "全境封锁2",
      "v": "6_243"
     },
     {
      "n": "植物大战僵尸",
      "v": "6_309"
     },
     {
      "n": "雀魂麻将",
      "v": "6_803"
     },
     {
      "n": "生化危机",
      "v": "6_721"
     },
     {
      "n": "格斗游戏",
      "v": "6_433"
     },
     {
      "n": "精灵宝可梦",
      "v": "6_228"
     },
     {
      "n": "碧蓝幻想GBR",
      "v": "6_859"
     },
     {
      "n": "红色警戒2",
      "v": "6_693"
     },
     {
      "n": "策略游戏",
      "v": "6_570"
     },
     {
      "n": "暗黑破坏神Ⅳ",
      "v": "6_780"
     },
     {
      "n": "宝可梦集换式卡牌游戏",
      "v": "6_720"
     },
     {
      "n": "饥荒",
      "v": "6_218"
     },
     {
      "n": "荒野大镖客2",
      "v": "6_226"
     },
     {
      "n": "塞尔达传说",
      "v": "6_308"
     },
     {
      "n": "方舟",
      "v": "6_295"
     },
     {
      "n": "帝国时代4",
      "v": "6_548"
     },
     {
      "n": "体育游戏",
      "v": "6_500"
     },
     {
      "n": "Dark and Darker",
      "v": "6_795"
     },
     {
      "n": "仁王2",
      "v": "6_313"
     },
     {
      "n": "只狼",
      "v": "6_245"
     },
     {
      "n": "暗黑破坏神",
      "v": "6_535"
     },
     {
      "n": "FC25",
      "v": "6_830"
     },
     {
      "n": "以撒",
      "v": "6_219"
     },
     {
      "n": "泰拉瑞亚",
      "v": "6_593"
     },
     {
      "n": "骑马与砍杀",
      "v": "6_326"
     },
     {
      "n": "斯普拉遁3",
      "v": "6_694"
     },
     {
      "n": "Dread Hunger",
      "v": "6_591"
     },
     {
      "n": "恋爱模拟游戏",
      "v": "6_592"
     },
     {
      "n": "NBA2K",
      "v": "6_362"
     },
     {
      "n": "博德之门3",
      "v": "6_385"
     },
     {
      "n": "双人成行",
      "v": "6_446"
     },
     {
      "n": "赛博朋克2077",
      "v": "6_402"
     },
     {
      "n": "糖豆人",
      "v": "6_357"
     },
     {
      "n": "聚会游戏",
      "v": "6_636"
     },
     {
      "n": "全面战争",
      "v": "6_257"
     },
     {
      "n": "重生细胞",
      "v": "6_426"
     },
     {
      "n": "辐射76",
      "v": "6_220"
     },
     {
      "n": "战神",
      "v": "6_579"
     },
     {
      "n": "匹诺曹的谎言",
      "v": "6_812"
     },
     {
      "n": "鬼泣5",
      "v": "6_244"
     },
     {
      "n": "恐鬼症",
      "v": "6_387"
     },
     {
      "n": "Roblox",
      "v": "6_753"
     },
     {
      "n": "胡闹厨房",
      "v": "6_507"
     },
     {
      "n": "盗贼之海",
      "v": "6_341"
     },
     {
      "n": "KARDS",
      "v": "6_835"
     },
     {
      "n": "致命公司",
      "v": "6_858"
     }
    ]
   }
  },
  "虚拟主播": {
   "id": "9_0",
   "value": {
    "key": "tid",
    "name": "虚拟主播",
    "value": [
     {
      "n": "虚拟Singer",
      "v": "9_744"
     },
     {
      "n": "虚拟Gamer",
      "v": "9_745"
     },
     {
      "n": "虚拟声优",
      "v": "9_746"
     },
     {
      "n": "虚拟男V",
      "v": "9_851"
     },
     {
      "n": "虚拟日常",
      "v": "9_371"
     },
     {
      "n": "虚拟APEX",
      "v": "9_789"
     },
     {
      "n": "虚拟PK",
      "v": "9_775"
     }
    ]
   }
  },
  "娱乐": {
   "id": "1_0",
   "value": {
    "key": "tid",
    "name": "娱乐",
    "value": [
     {
      "n": "萌宅领域",
      "v": "1_530"
     },
     {
      "n": "视频唱见",
      "v": "1_21"
     },
     {
      "n": "舞见",
      "v": "1_207"
     },
     {
      "n": "颜值",
      "v": "1_145"
     },
     {
      "n": "脱口秀",
      "v": "1_868"
     },
     {
      "n": "团播",
      "v": "1_1013"
     }
    ]
   }
  },
  "电台": {
   "id": "5_0",
   "value": {
    "key": "tid",
    "name": "电台",
    "value": [
     {
      "n": "唱见电台",
      "v": "5_190"
     },
     {
      "n": "聊天电台",
      "v": "5_192"
     },
     {
      "n": "男声电台",
      "v": "5_817"
     }
    ]
   }
  },
  "赛事": {
   "id": "13_0",
   "value": {
    "key": "tid",
    "name": "赛事",
    "value": [
     {
      "n": "赛事综合",
      "v": "13_563"
     },
     {
      "n": "游戏赛事",
      "v": "13_561"
     }
    ]
   }
  },
  "聊天室": {
   "id": "14_0",
   "value": {
    "key": "tid",
    "name": "聊天室",
    "value": [
     {
      "n": "交友",
      "v": "14_818"
     },
     {
      "n": "点唱",
      "v": "14_819"
     },
     {
      "n": "兴趣",
      "v": "14_820"
     },
     {
      "n": "找人玩",
      "v": "14_943"
     }
    ]
   }
  },
  "生活": {
   "id": "10_0",
   "value": {
    "key": "tid",
    "name": "生活",
    "value": [
     {
      "n": "生活杂谈",
      "v": "10_646"
     },
     {
      "n": "情感杂谈",
      "v": "10_623"
     },
     {
      "n": "运动体育",
      "v": "10_628"
     },
     {
      "n": "手工绘画",
      "v": "10_627"
     },
     {
      "n": "户外",
      "v": "10_368"
     },
     {
      "n": "萌宠",
      "v": "10_369"
     },
     {
      "n": "美食",
      "v": "10_367"
     },
     {
      "n": "时尚",
      "v": "10_378"
     },
     {
      "n": "电子榨菜",
      "v": "10_624"
     },
     {
      "n": "沉浸体验",
      "v": "10_827"
     }
    ]
   }
  },
  "知识": {
   "id": "11_0",
   "value": {
    "key": "tid",
    "name": "知识",
    "value": [
     {
      "n": "社会观察·财经",
      "v": "11_945"
     },
     {
      "n": "教育学习",
      "v": "11_377"
     },
     {
      "n": "法律·心理",
      "v": "11_376"
     },
     {
      "n": "历史·人文·综合",
      "v": "11_702"
     },
     {
      "n": "科技·科学",
      "v": "11_701"
     },
     {
      "n": "自习室",
      "v": "11_372"
     },
     {
      "n": "时政",
      "v": "11_715"
     }
    ]
   }
  },
  "帮我玩": {
   "id": "301_0",
   "value": {
    "key": "tid",
    "name": "帮我玩",
    "value": [
     {
      "n": "热门帮玩",
      "v": "301_301000"
     },
     {
      "n": "手游帮玩",
      "v": "301_301002"
     },
     {
      "n": "网游帮玩",
      "v": "301_301003"
     },
     {
      "n": "单机帮玩",
      "v": "301_301004"
     }
    ]
   }
  },
  "互动玩法": {
   "id": "15_0",
   "value": {
    "key": "tid",
    "name": "互动玩法",
    "value": [
     {
      "n": "竞技玩法",
      "v": "15_815"
     },
     {
      "n": "养成玩法",
      "v": "15_840"
     },
     {
      "n": "棋牌玩法",
      "v": "15_841"
     },
     {
      "n": "休闲玩法",
      "v": "15_816"
     },
     {
      "n": "搞笑整蛊",
      "v": "15_842"
     }
    ]
   }
  },
  "购物": {
   "id": "300_0",
   "value": {
    "key": "tid",
    "name": "购物",
    "value": [
     {
      "n": "购物",
      "v": "300_300000"
     }
    ]
   }
  }
 }
}